{
  "swagger": "2.0",
  "info": {
    "description": "The RESTful APIs in  Customer Service",
    "version": "1.0.0",
    "title": "Service RESTful APIs",
    "termsOfService": "http://www.ufreight.com/",
    "contact": {
      "name": "ICIL-SUPPORT",
      "email": "icil_sup@icil.net"
    }
  },
  "host": "192.168.18.180:7778",
  "schemes":[http],
  "basePath": "/",
  "tags": [
    {
      "name": "Balance",
      "description": "Customer Balance Controller"
    },
    {
      "name": "Customer",
      "description": "Customer Controller"
    }
  ],
  "paths": {
    "/balance": {
      "put": {
        "tags": [
          "Balance"
        ],
        "summary": "update Customer Balance information",
        "operationId": "updateCustomerBalanceUsingPUT",
        "consumes": [
          "application/json"
        ],
        "produces": [
          "*/*"
        ],
        "parameters": [
          {
            "in": "body",
            "name": "balance",
            "description": "balance",
            "required": true,
            "schema": {
              "$ref": "#/definitions/CustomerBalanceEntry"
            }
          }
        ],
        "responses": {
          "200": {
            "description": "OK",
            "schema": {
              "type": "object",
              "additionalProperties": {
                "type": "object"
              }
            }
          },
          "201": {
            "description": "Created"
          },
          "401": {
            "description": "Unauthorized"
          },
          "403": {
            "description": "Forbidden"
          },
          "404": {
            "description": "Not Found"
          }
        },
        "deprecated": false
      }
    },
    "/balance/{id}": {
      "get": {
        "tags": [
          "Balance"
        ],
        "summary": "find Customer Balance information Per id",
        "operationId": "searchUsingGET",
        "produces": [
          "*/*"
        ],
        "parameters": [
          {
            "name": "id",
            "in": "path",
            "description": "id",
            "required": true,
            "type": "string"
          }
        ],
        "responses": {
          "200": {
            "description": "OK",
            "schema": {
              "type": "object",
              "additionalProperties": {
                "type": "object"
              }
            }
          },
          "401": {
            "description": "Unauthorized"
          },
          "403": {
            "description": "Forbidden"
          },
          "404": {
            "description": "Not Found"
          }
        },
        "deprecated": false
      }
    },
    "/customer": {
      "get": {
        "tags": [
          "Customer"
        ],
        "summary": "Search Customer by Customer Code",
        "operationId": "findCustomerByIDUsingGET",
        "produces": [
          "*/*"
        ],
        "parameters": [
          {
            "name": "customer",
            "in": "query",
            "description": "customer code",
            "required": true,
            "type": "string",
            "allowEmptyValue": false
          }
        ],
        "responses": {
          "200": {
            "description": "OK",
            "schema": {
              "type": "object",
              "additionalProperties": {
                "type": "object"
              }
            }
          },
          "401": {
            "description": "Unauthorized"
          },
          "403": {
            "description": "Forbidden"
          },
          "404": {
            "description": "Not Found"
          }
        },
        "deprecated": false
      }
    },
    "/cutPayment": {
      "post": {
        "tags": [
          "Customer"
        ],
        "summary": "cut payment of customer ",
        "operationId": "cutPaymentUsingPOST",
        "consumes": [
          "application/json"
        ],
        "produces": [
          "*/*"
        ],
        "parameters": [
          {
            "in": "body",
            "name": "inputJSON",
            "description": "inputJSON",
            "required": true,
            "schema": {
              "type": "string"
            }
          }
        ],
        "responses": {
          "200": {
            "description": "OK",
            "schema": {
              "type": "object",
              "additionalProperties": {
                "type": "object"
              }
            }
          },
          "201": {
            "description": "Created"
          },
          "401": {
            "description": "Unauthorized"
          },
          "403": {
            "description": "Forbidden"
          },
          "404": {
            "description": "Not Found"
          }
        },
        "deprecated": false
      }
    },
    "/prepaid": {
      "post": {
        "tags": [
          "Customer"
        ],
        "summary": " Customer Prepaid ",
        "operationId": "createPrepaidUsingPOST",
        "consumes": [
          "application/json"
        ],
        "produces": [
          "*/*"
        ],
        "parameters": [
          {
            "in": "body",
            "name": "inputJSON",
            "description": "inputJSON",
            "required": true,
            "schema": {
              "type": "string"
            }
          }
        ],
        "responses": {
          "200": {
            "description": "OK",
            "schema": {
              "type": "object",
              "additionalProperties": {
                "type": "object"
              }
            }
          },
          "201": {
            "description": "Created"
          },
          "401": {
            "description": "Unauthorized"
          },
          "403": {
            "description": "Forbidden"
          },
          "404": {
            "description": "Not Found"
          }
        },
        "deprecated": false
      }
    },
    "/search": {
      "get": {
        "tags": [
          "Customer"
        ],
        "summary": "Search The Customer by condition",
        "operationId": "searchUsingGET_1",
        "produces": [
          "*/*"
        ],
        "parameters": [
          {
            "name": "customer",
            "in": "query",
            "description": "customer code / customer name",
            "required": true,
            "type": "string",
            "allowEmptyValue": false
          }
        ],
        "responses": {
          "200": {
            "description": "{}",
            "schema": {
              "type": "object",
              "additionalProperties": {
                "type": "object"
              }
            }
          },
          "401": {
            "description": "Unauthorized"
          },
          "403": {
            "description": "Forbidden"
          },
          "404": {
            "description": "Not Found"
          }
        },
        "deprecated": false
      }
    },
    "/updateBalanceInfo": {
      "put": {
        "tags": [
          "Customer"
        ],
        "summary": "Update The Customer Balance Info  ",
        "operationId": "updateBalanceInfoUsingPUT",
        "consumes": [
          "application/json"
        ],
        "produces": [
          "*/*"
        ],
        "parameters": [
          {
            "in": "body",
            "name": "inputJSON",
            "description": "inputJSON",
            "required": true,
            "schema": {
              "type": "string"
            }
          }
        ],
        "responses": {
          "200": {
            "description": "OK",
            "schema": {
              "type": "object",
              "additionalProperties": {
                "type": "object"
              }
            }
          },
          "201": {
            "description": "Created"
          },
          "401": {
            "description": "Unauthorized"
          },
          "403": {
            "description": "Forbidden"
          },
          "404": {
            "description": "Not Found"
          }
        },
        "deprecated": false
      }
    }
  },
  "definitions": {
    "CustomerBalanceEntry": {
      "type": "object",
      "properties": {
        "balance": {
          "type": "number",
          "format": "double"
        },
        "balanceAlertLine": {
          "type": "number",
          "format": "double"
        },
        "currencyUnit": {
          "type": "string"
        },
        "customerCode": {
          "type": "string"
        },
        "id": {
          "type": "integer",
          "format": "int32"
        },
        "serviceType": {
          "type": "string"
        }
      },
      "title": "CustomerBalanceEntry"
    }
  }
}